{
  "project_info": {
    "project_number": "127911383893",
    "project_id": "hospital-system-8af7b",
    "storage_bucket": "hospital-system-8af7b.appspot.com"
  },
  "client": [
    {
      "client_info": {
        "mobilesdk_app_id": "1:127911383893:android:176b1cf436c1c6b31615dc",
        "android_client_info": {
          "package_name": "om.example.hospital_system_application"
        }
      },
      "oauth_client": [],
      "api_key": [
        {
          "current_key": "AIzaSyAC4r87v7-i35ALQc2u7TU0JNDi4mjgqfg"
        }
      ],
      "services": {
        "appinvite_service": {
          "other_platform_oauth_client": []
        }
      }
    }
  ],
  "configuration_version": "1"
}